[{"pk": 9, "model": "contenttypes.contenttype", "fields": {"model": "album", "name": "album", "app_label": "djukebox"}}, {"pk": 8, "model": "contenttypes.contenttype", "fields": {"model": "artist", "name": "artist", "app_label": "djukebox"}}, {"pk": 4, "model": "contenttypes.contenttype", "fields": {"model": "contenttype", "name": "content type", "app_label": "contenttypes"}}, {"pk": 2, "model": "contenttypes.contenttype", "fields": {"model": "group", "name": "group", "app_label": "auth"}}, {"pk": 7, "model": "contenttypes.contenttype", "fields": {"model": "logentry", "name": "log entry", "app_label": "admin"}}, {"pk": 11, "model": "contenttypes.contenttype", "fields": {"model": "owner", "name": "owner", "app_label": "djukebox"}}, {"pk": 1, "model": "contenttypes.contenttype", "fields": {"model": "permission", "name": "permission", "app_label": "auth"}}, {"pk": 5, "model": "contenttypes.contenttype", "fields": {"model": "session", "name": "session", "app_label": "sessions"}}, {"pk": 6, "model": "contenttypes.contenttype", "fields": {"model": "site", "name": "site", "app_label": "sites"}}, {"pk": 10, "model": "contenttypes.contenttype", "fields": {"model": "song", "name": "song", "app_label": "djukebox"}}, {"pk": 3, "model": "contenttypes.contenttype", "fields": {"model": "user", "name": "user", "app_label": "auth"}}, {"pk": "be7e24f5ab0fdee6a631a110c8d6c0bb", "model": "sessions.session", "fields": {"expire_date": "2012-12-01T03:09:35.472Z", "session_data": "OGE4OWY4ODVlZjE1MDcxYTc4ZWIxMDIzODVkYzZiNzVhZTAyOGMwNDqAAn1xAS4=\n"}}, {"pk": 1, "model": "djukebox.artist", "fields": {"playcount": 172, "name": "Artist Name 0", "slug": "Artist Name 0_SLUGGIFIED, LET'S PRETEND"}}, {"pk": 2, "model": "djukebox.artist", "fields": {"playcount": 220, "name": "Artist Name 1", "slug": "Artist Name 1_SLUGGIFIED, LET'S PRETEND"}}, {"pk": 3, "model": "djukebox.artist", "fields": {"playcount": 3, "name": "Artist Name 2", "slug": "Artist Name 2_SLUGGIFIED, LET'S PRETEND"}}, {"pk": 4, "model": "djukebox.artist", "fields": {"playcount": 363, "name": "Artist Name 3", "slug": "Artist Name 3_SLUGGIFIED, LET'S PRETEND"}}, {"pk": 5, "model": "djukebox.artist", "fields": {"playcount": 109, "name": "Artist Name 4", "slug": "Artist Name 4_SLUGGIFIED, LET'S PRETEND"}}, {"pk": 1, "model": "djukebox.album", "fields": {"playcount": 6, "artist": 1, "removed": false, "name": "Album Title 0-0", "slug": "Album Title 0-0_SLUGGIFIED, LET'S PRETEND"}}, {"pk": 2, "model": "djukebox.album", "fields": {"playcount": 1, "artist": 1, "removed": false, "name": "Album Title 0-1", "slug": "Album Title 0-1_SLUGGIFIED, LET'S PRETEND"}}, {"pk": 3, "model": "djukebox.album", "fields": {"playcount": 136, "artist": 1, "removed": false, "name": "Album Title 0-2", "slug": "Album Title 0-2_SLUGGIFIED, LET'S PRETEND"}}, {"pk": 4, "model": "djukebox.album", "fields": {"playcount": 213, "artist": 2, "removed": false, "name": "Album Title 1-0", "slug": "Album Title 1-0_SLUGGIFIED, LET'S PRETEND"}}, {"pk": 5, "model": "djukebox.album", "fields": {"playcount": 178, "artist": 2, "removed": true, "name": "Album Title 1-1", "slug": "Album Title 1-1_SLUGGIFIED, LET'S PRETEND"}}, {"pk": 6, "model": "djukebox.album", "fields": {"playcount": 32, "artist": 2, "removed": true, "name": "Album Title 1-2", "slug": "Album Title 1-2_SLUGGIFIED, LET'S PRETEND"}}, {"pk": 7, "model": "djukebox.album", "fields": {"playcount": 0, "artist": 3, "removed": true, "name": "Album Title 2-0", "slug": "Album Title 2-0_SLUGGIFIED, LET'S PRETEND"}}, {"pk": 8, "model": "djukebox.album", "fields": {"playcount": 0, "artist": 3, "removed": false, "name": "Album Title 2-1", "slug": "Album Title 2-1_SLUGGIFIED, LET'S PRETEND"}}, {"pk": 9, "model": "djukebox.album", "fields": {"playcount": 1, "artist": 3, "removed": true, "name": "Album Title 2-2", "slug": "Album Title 2-2_SLUGGIFIED, LET'S PRETEND"}}, {"pk": 10, "model": "djukebox.album", "fields": {"playcount": 124, "artist": 4, "removed": true, "name": "Album Title 3-0", "slug": "Album Title 3-0_SLUGGIFIED, LET'S PRETEND"}}, {"pk": 11, "model": "djukebox.album", "fields": {"playcount": 93, "artist": 4, "removed": false, "name": "Album Title 3-1", "slug": "Album Title 3-1_SLUGGIFIED, LET'S PRETEND"}}, {"pk": 12, "model": "djukebox.album", "fields": {"playcount": 296, "artist": 4, "removed": false, "name": "Album Title 3-2", "slug": "Album Title 3-2_SLUGGIFIED, LET'S PRETEND"}}, {"pk": 13, "model": "djukebox.album", "fields": {"playcount": 9, "artist": 5, "removed": true, "name": "Album Title 4-0", "slug": "Album Title 4-0_SLUGGIFIED, LET'S PRETEND"}}, {"pk": 14, "model": "djukebox.album", "fields": {"playcount": 89, "artist": 5, "removed": true, "name": "Album Title 4-1", "slug": "Album Title 4-1_SLUGGIFIED, LET'S PRETEND"}}, {"pk": 15, "model": "djukebox.album", "fields": {"playcount": 25, "artist": 5, "removed": false, "name": "Album Title 4-2", "slug": "Album Title 4-2_SLUGGIFIED, LET'S PRETEND"}}, {"pk": 1, "model": "djukebox.song", "fields": {"album": 1, "playcount": 6, "blocked": true, "name": "Song Name 0-0-0", "slug": "Song Name 0-0-0_SLUGGIFIED, LET'S PRETEND"}}, {"pk": 2, "model": "djukebox.song", "fields": {"album": 1, "playcount": 2, "blocked": false, "name": "Song Name 0-0-1", "slug": "Song Name 0-0-1_SLUGGIFIED, LET'S PRETEND"}}, {"pk": 3, "model": "djukebox.song", "fields": {"album": 1, "playcount": 6, "blocked": false, "name": "Song Name 0-0-2", "slug": "Song Name 0-0-2_SLUGGIFIED, LET'S PRETEND"}}, {"pk": 4, "model": "djukebox.song", "fields": {"album": 1, "playcount": 4, "blocked": false, "name": "Song Name 0-0-3", "slug": "Song Name 0-0-3_SLUGGIFIED, LET'S PRETEND"}}, {"pk": 5, "model": "djukebox.song", "fields": {"album": 1, "playcount": 3, "blocked": true, "name": "Song Name 0-0-4", "slug": "Song Name 0-0-4_SLUGGIFIED, LET'S PRETEND"}}, {"pk": 6, "model": "djukebox.song", "fields": {"album": 1, "playcount": 1, "blocked": true, "name": "Song Name 0-0-5", "slug": "Song Name 0-0-5_SLUGGIFIED, LET'S PRETEND"}}, {"pk": 7, "model": "djukebox.song", "fields": {"album": 1, "playcount": 3, "blocked": true, "name": "Song Name 0-0-6", "slug": "Song Name 0-0-6_SLUGGIFIED, LET'S PRETEND"}}, {"pk": 8, "model": "djukebox.song", "fields": {"album": 1, "playcount": 5, "blocked": true, "name": "Song Name 0-0-7", "slug": "Song Name 0-0-7_SLUGGIFIED, LET'S PRETEND"}}, {"pk": 9, "model": "djukebox.song", "fields": {"album": 1, "playcount": 0, "blocked": true, "name": "Song Name 0-0-8", "slug": "Song Name 0-0-8_SLUGGIFIED, LET'S PRETEND"}}, {"pk": 10, "model": "djukebox.song", "fields": {"album": 1, "playcount": 6, "blocked": false, "name": "Song Name 0-0-9", "slug": "Song Name 0-0-9_SLUGGIFIED, LET'S PRETEND"}}, {"pk": 11, "model": "djukebox.song", "fields": {"album": 2, "playcount": 0, "blocked": true, "name": "Song Name 0-1-0", "slug": "Song Name 0-1-0_SLUGGIFIED, LET'S PRETEND"}}, {"pk": 12, "model": "djukebox.song", "fields": {"album": 2, "playcount": 0, "blocked": false, "name": "Song Name 0-1-1", "slug": "Song Name 0-1-1_SLUGGIFIED, LET'S PRETEND"}}, {"pk": 13, "model": "djukebox.song", "fields": {"album": 2, "playcount": 1, "blocked": true, "name": "Song Name 0-1-2", "slug": "Song Name 0-1-2_SLUGGIFIED, LET'S PRETEND"}}, {"pk": 14, "model": "djukebox.song", "fields": {"album": 2, "playcount": 0, "blocked": false, "name": "Song Name 0-1-3", "slug": "Song Name 0-1-3_SLUGGIFIED, LET'S PRETEND"}}, {"pk": 15, "model": "djukebox.song", "fields": {"album": 2, "playcount": 1, "blocked": false, "name": "Song Name 0-1-4", "slug": "Song Name 0-1-4_SLUGGIFIED, LET'S PRETEND"}}, {"pk": 16, "model": "djukebox.song", "fields": {"album": 2, "playcount": 0, "blocked": false, "name": "Song Name 0-1-5", "slug": "Song Name 0-1-5_SLUGGIFIED, LET'S PRETEND"}}, {"pk": 17, "model": "djukebox.song", "fields": {"album": 2, "playcount": 0, "blocked": true, "name": "Song Name 0-1-6", "slug": "Song Name 0-1-6_SLUGGIFIED, LET'S PRETEND"}}, {"pk": 18, "model": "djukebox.song", "fields": {"album": 2, "playcount": 0, "blocked": true, "name": "Song Name 0-1-7", "slug": "Song Name 0-1-7_SLUGGIFIED, LET'S PRETEND"}}, {"pk": 19, "model": "djukebox.song", "fields": {"album": 2, "playcount": 0, "blocked": false, "name": "Song Name 0-1-8", "slug": "Song Name 0-1-8_SLUGGIFIED, LET'S PRETEND"}}, {"pk": 20, "model": "djukebox.song", "fields": {"album": 2, "playcount": 0, "blocked": true, "name": "Song Name 0-1-9", "slug": "Song Name 0-1-9_SLUGGIFIED, LET'S PRETEND"}}, {"pk": 21, "model": "djukebox.song", "fields": {"album": 3, "playcount": 85, "blocked": true, "name": "Song Name 0-2-0", "slug": "Song Name 0-2-0_SLUGGIFIED, LET'S PRETEND"}}, {"pk": 22, "model": "djukebox.song", "fields": {"album": 3, "playcount": 129, "blocked": false, "name": "Song Name 0-2-1", "slug": "Song Name 0-2-1_SLUGGIFIED, LET'S PRETEND"}}, {"pk": 23, "model": "djukebox.song", "fields": {"album": 3, "playcount": 63, "blocked": true, "name": "Song Name 0-2-2", "slug": "Song Name 0-2-2_SLUGGIFIED, LET'S PRETEND"}}, {"pk": 24, "model": "djukebox.song", "fields": {"album": 3, "playcount": 123, "blocked": false, "name": "Song Name 0-2-3", "slug": "Song Name 0-2-3_SLUGGIFIED, LET'S PRETEND"}}, {"pk": 25, "model": "djukebox.song", "fields": {"album": 3, "playcount": 113, "blocked": false, "name": "Song Name 0-2-4", "slug": "Song Name 0-2-4_SLUGGIFIED, LET'S PRETEND"}}, {"pk": 26, "model": "djukebox.song", "fields": {"album": 3, "playcount": 88, "blocked": true, "name": "Song Name 0-2-5", "slug": "Song Name 0-2-5_SLUGGIFIED, LET'S PRETEND"}}, {"pk": 27, "model": "djukebox.song", "fields": {"album": 3, "playcount": 75, "blocked": false, "name": "Song Name 0-2-6", "slug": "Song Name 0-2-6_SLUGGIFIED, LET'S PRETEND"}}, {"pk": 28, "model": "djukebox.song", "fields": {"album": 3, "playcount": 49, "blocked": false, "name": "Song Name 0-2-7", "slug": "Song Name 0-2-7_SLUGGIFIED, LET'S PRETEND"}}, {"pk": 29, "model": "djukebox.song", "fields": {"album": 3, "playcount": 8, "blocked": true, "name": "Song Name 0-2-8", "slug": "Song Name 0-2-8_SLUGGIFIED, LET'S PRETEND"}}, {"pk": 30, "model": "djukebox.song", "fields": {"album": 3, "playcount": 77, "blocked": false, "name": "Song Name 0-2-9", "slug": "Song Name 0-2-9_SLUGGIFIED, LET'S PRETEND"}}, {"pk": 31, "model": "djukebox.song", "fields": {"album": 4, "playcount": 51, "blocked": false, "name": "Song Name 1-0-0", "slug": "Song Name 1-0-0_SLUGGIFIED, LET'S PRETEND"}}, {"pk": 32, "model": "djukebox.song", "fields": {"album": 4, "playcount": 49, "blocked": true, "name": "Song Name 1-0-1", "slug": "Song Name 1-0-1_SLUGGIFIED, LET'S PRETEND"}}, {"pk": 33, "model": "djukebox.song", "fields": {"album": 4, "playcount": 127, "blocked": false, "name": "Song Name 1-0-2", "slug": "Song Name 1-0-2_SLUGGIFIED, LET'S PRETEND"}}, {"pk": 34, "model": "djukebox.song", "fields": {"album": 4, "playcount": 105, "blocked": false, "name": "Song Name 1-0-3", "slug": "Song Name 1-0-3_SLUGGIFIED, LET'S PRETEND"}}, {"pk": 35, "model": "djukebox.song", "fields": {"album": 4, "playcount": 177, "blocked": false, "name": "Song Name 1-0-4", "slug": "Song Name 1-0-4_SLUGGIFIED, LET'S PRETEND"}}, {"pk": 36, "model": "djukebox.song", "fields": {"album": 4, "playcount": 194, "blocked": false, "name": "Song Name 1-0-5", "slug": "Song Name 1-0-5_SLUGGIFIED, LET'S PRETEND"}}, {"pk": 37, "model": "djukebox.song", "fields": {"album": 4, "playcount": 156, "blocked": false, "name": "Song Name 1-0-6", "slug": "Song Name 1-0-6_SLUGGIFIED, LET'S PRETEND"}}, {"pk": 38, "model": "djukebox.song", "fields": {"album": 4, "playcount": 200, "blocked": true, "name": "Song Name 1-0-7", "slug": "Song Name 1-0-7_SLUGGIFIED, LET'S PRETEND"}}, {"pk": 39, "model": "djukebox.song", "fields": {"album": 4, "playcount": 205, "blocked": false, "name": "Song Name 1-0-8", "slug": "Song Name 1-0-8_SLUGGIFIED, LET'S PRETEND"}}, {"pk": 40, "model": "djukebox.song", "fields": {"album": 4, "playcount": 180, "blocked": false, "name": "Song Name 1-0-9", "slug": "Song Name 1-0-9_SLUGGIFIED, LET'S PRETEND"}}, {"pk": 41, "model": "djukebox.song", "fields": {"album": 5, "playcount": 137, "blocked": true, "name": "Song Name 1-1-0", "slug": "Song Name 1-1-0_SLUGGIFIED, LET'S PRETEND"}}, {"pk": 42, "model": "djukebox.song", "fields": {"album": 5, "playcount": 31, "blocked": true, "name": "Song Name 1-1-1", "slug": "Song Name 1-1-1_SLUGGIFIED, LET'S PRETEND"}}, {"pk": 43, "model": "djukebox.song", "fields": {"album": 5, "playcount": 37, "blocked": true, "name": "Song Name 1-1-2", "slug": "Song Name 1-1-2_SLUGGIFIED, LET'S PRETEND"}}, {"pk": 44, "model": "djukebox.song", "fields": {"album": 5, "playcount": 4, "blocked": true, "name": "Song Name 1-1-3", "slug": "Song Name 1-1-3_SLUGGIFIED, LET'S PRETEND"}}, {"pk": 45, "model": "djukebox.song", "fields": {"album": 5, "playcount": 0, "blocked": false, "name": "Song Name 1-1-4", "slug": "Song Name 1-1-4_SLUGGIFIED, LET'S PRETEND"}}, {"pk": 46, "model": "djukebox.song", "fields": {"album": 5, "playcount": 158, "blocked": false, "name": "Song Name 1-1-5", "slug": "Song Name 1-1-5_SLUGGIFIED, LET'S PRETEND"}}, {"pk": 47, "model": "djukebox.song", "fields": {"album": 5, "playcount": 63, "blocked": true, "name": "Song Name 1-1-6", "slug": "Song Name 1-1-6_SLUGGIFIED, LET'S PRETEND"}}, {"pk": 48, "model": "djukebox.song", "fields": {"album": 5, "playcount": 152, "blocked": false, "name": "Song Name 1-1-7", "slug": "Song Name 1-1-7_SLUGGIFIED, LET'S PRETEND"}}, {"pk": 49, "model": "djukebox.song", "fields": {"album": 5, "playcount": 18, "blocked": true, "name": "Song Name 1-1-8", "slug": "Song Name 1-1-8_SLUGGIFIED, LET'S PRETEND"}}, {"pk": 50, "model": "djukebox.song", "fields": {"album": 5, "playcount": 76, "blocked": true, "name": "Song Name 1-1-9", "slug": "Song Name 1-1-9_SLUGGIFIED, LET'S PRETEND"}}, {"pk": 51, "model": "djukebox.song", "fields": {"album": 6, "playcount": 28, "blocked": false, "name": "Song Name 1-2-0", "slug": "Song Name 1-2-0_SLUGGIFIED, LET'S PRETEND"}}, {"pk": 52, "model": "djukebox.song", "fields": {"album": 6, "playcount": 13, "blocked": false, "name": "Song Name 1-2-1", "slug": "Song Name 1-2-1_SLUGGIFIED, LET'S PRETEND"}}, {"pk": 53, "model": "djukebox.song", "fields": {"album": 6, "playcount": 31, "blocked": false, "name": "Song Name 1-2-2", "slug": "Song Name 1-2-2_SLUGGIFIED, LET'S PRETEND"}}, {"pk": 54, "model": "djukebox.song", "fields": {"album": 6, "playcount": 16, "blocked": true, "name": "Song Name 1-2-3", "slug": "Song Name 1-2-3_SLUGGIFIED, LET'S PRETEND"}}, {"pk": 55, "model": "djukebox.song", "fields": {"album": 6, "playcount": 26, "blocked": true, "name": "Song Name 1-2-4", "slug": "Song Name 1-2-4_SLUGGIFIED, LET'S PRETEND"}}, {"pk": 56, "model": "djukebox.song", "fields": {"album": 6, "playcount": 10, "blocked": false, "name": "Song Name 1-2-5", "slug": "Song Name 1-2-5_SLUGGIFIED, LET'S PRETEND"}}, {"pk": 57, "model": "djukebox.song", "fields": {"album": 6, "playcount": 15, "blocked": false, "name": "Song Name 1-2-6", "slug": "Song Name 1-2-6_SLUGGIFIED, LET'S PRETEND"}}, {"pk": 58, "model": "djukebox.song", "fields": {"album": 6, "playcount": 23, "blocked": true, "name": "Song Name 1-2-7", "slug": "Song Name 1-2-7_SLUGGIFIED, LET'S PRETEND"}}, {"pk": 59, "model": "djukebox.song", "fields": {"album": 6, "playcount": 21, "blocked": false, "name": "Song Name 1-2-8", "slug": "Song Name 1-2-8_SLUGGIFIED, LET'S PRETEND"}}, {"pk": 60, "model": "djukebox.song", "fields": {"album": 6, "playcount": 16, "blocked": true, "name": "Song Name 1-2-9", "slug": "Song Name 1-2-9_SLUGGIFIED, LET'S PRETEND"}}, {"pk": 61, "model": "djukebox.song", "fields": {"album": 7, "playcount": 0, "blocked": false, "name": "Song Name 2-0-0", "slug": "Song Name 2-0-0_SLUGGIFIED, LET'S PRETEND"}}, {"pk": 62, "model": "djukebox.song", "fields": {"album": 7, "playcount": 0, "blocked": true, "name": "Song Name 2-0-1", "slug": "Song Name 2-0-1_SLUGGIFIED, LET'S PRETEND"}}, {"pk": 63, "model": "djukebox.song", "fields": {"album": 7, "playcount": 0, "blocked": false, "name": "Song Name 2-0-2", "slug": "Song Name 2-0-2_SLUGGIFIED, LET'S PRETEND"}}, {"pk": 64, "model": "djukebox.song", "fields": {"album": 7, "playcount": 0, "blocked": false, "name": "Song Name 2-0-3", "slug": "Song Name 2-0-3_SLUGGIFIED, LET'S PRETEND"}}, {"pk": 65, "model": "djukebox.song", "fields": {"album": 7, "playcount": 0, "blocked": true, "name": "Song Name 2-0-4", "slug": "Song Name 2-0-4_SLUGGIFIED, LET'S PRETEND"}}, {"pk": 66, "model": "djukebox.song", "fields": {"album": 7, "playcount": 0, "blocked": true, "name": "Song Name 2-0-5", "slug": "Song Name 2-0-5_SLUGGIFIED, LET'S PRETEND"}}, {"pk": 67, "model": "djukebox.song", "fields": {"album": 7, "playcount": 0, "blocked": false, "name": "Song Name 2-0-6", "slug": "Song Name 2-0-6_SLUGGIFIED, LET'S PRETEND"}}, {"pk": 68, "model": "djukebox.song", "fields": {"album": 7, "playcount": 0, "blocked": true, "name": "Song Name 2-0-7", "slug": "Song Name 2-0-7_SLUGGIFIED, LET'S PRETEND"}}, {"pk": 69, "model": "djukebox.song", "fields": {"album": 7, "playcount": 0, "blocked": false, "name": "Song Name 2-0-8", "slug": "Song Name 2-0-8_SLUGGIFIED, LET'S PRETEND"}}, {"pk": 70, "model": "djukebox.song", "fields": {"album": 7, "playcount": 0, "blocked": false, "name": "Song Name 2-0-9", "slug": "Song Name 2-0-9_SLUGGIFIED, LET'S PRETEND"}}, {"pk": 71, "model": "djukebox.song", "fields": {"album": 8, "playcount": 0, "blocked": false, "name": "Song Name 2-1-0", "slug": "Song Name 2-1-0_SLUGGIFIED, LET'S PRETEND"}}, {"pk": 72, "model": "djukebox.song", "fields": {"album": 8, "playcount": 0, "blocked": true, "name": "Song Name 2-1-1", "slug": "Song Name 2-1-1_SLUGGIFIED, LET'S PRETEND"}}, {"pk": 73, "model": "djukebox.song", "fields": {"album": 8, "playcount": 0, "blocked": true, "name": "Song Name 2-1-2", "slug": "Song Name 2-1-2_SLUGGIFIED, LET'S PRETEND"}}, {"pk": 74, "model": "djukebox.song", "fields": {"album": 8, "playcount": 0, "blocked": true, "name": "Song Name 2-1-3", "slug": "Song Name 2-1-3_SLUGGIFIED, LET'S PRETEND"}}, {"pk": 75, "model": "djukebox.song", "fields": {"album": 8, "playcount": 0, "blocked": true, "name": "Song Name 2-1-4", "slug": "Song Name 2-1-4_SLUGGIFIED, LET'S PRETEND"}}, {"pk": 76, "model": "djukebox.song", "fields": {"album": 8, "playcount": 0, "blocked": true, "name": "Song Name 2-1-5", "slug": "Song Name 2-1-5_SLUGGIFIED, LET'S PRETEND"}}, {"pk": 77, "model": "djukebox.song", "fields": {"album": 8, "playcount": 0, "blocked": false, "name": "Song Name 2-1-6", "slug": "Song Name 2-1-6_SLUGGIFIED, LET'S PRETEND"}}, {"pk": 78, "model": "djukebox.song", "fields": {"album": 8, "playcount": 0, "blocked": true, "name": "Song Name 2-1-7", "slug": "Song Name 2-1-7_SLUGGIFIED, LET'S PRETEND"}}, {"pk": 79, "model": "djukebox.song", "fields": {"album": 8, "playcount": 0, "blocked": false, "name": "Song Name 2-1-8", "slug": "Song Name 2-1-8_SLUGGIFIED, LET'S PRETEND"}}, {"pk": 80, "model": "djukebox.song", "fields": {"album": 8, "playcount": 0, "blocked": false, "name": "Song Name 2-1-9", "slug": "Song Name 2-1-9_SLUGGIFIED, LET'S PRETEND"}}, {"pk": 81, "model": "djukebox.song", "fields": {"album": 9, "playcount": 0, "blocked": false, "name": "Song Name 2-2-0", "slug": "Song Name 2-2-0_SLUGGIFIED, LET'S PRETEND"}}, {"pk": 82, "model": "djukebox.song", "fields": {"album": 9, "playcount": 1, "blocked": true, "name": "Song Name 2-2-1", "slug": "Song Name 2-2-1_SLUGGIFIED, LET'S PRETEND"}}, {"pk": 83, "model": "djukebox.song", "fields": {"album": 9, "playcount": 0, "blocked": false, "name": "Song Name 2-2-2", "slug": "Song Name 2-2-2_SLUGGIFIED, LET'S PRETEND"}}, {"pk": 84, "model": "djukebox.song", "fields": {"album": 9, "playcount": 1, "blocked": false, "name": "Song Name 2-2-3", "slug": "Song Name 2-2-3_SLUGGIFIED, LET'S PRETEND"}}, {"pk": 85, "model": "djukebox.song", "fields": {"album": 9, "playcount": 0, "blocked": true, "name": "Song Name 2-2-4", "slug": "Song Name 2-2-4_SLUGGIFIED, LET'S PRETEND"}}, {"pk": 86, "model": "djukebox.song", "fields": {"album": 9, "playcount": 1, "blocked": true, "name": "Song Name 2-2-5", "slug": "Song Name 2-2-5_SLUGGIFIED, LET'S PRETEND"}}, {"pk": 87, "model": "djukebox.song", "fields": {"album": 9, "playcount": 1, "blocked": false, "name": "Song Name 2-2-6", "slug": "Song Name 2-2-6_SLUGGIFIED, LET'S PRETEND"}}, {"pk": 88, "model": "djukebox.song", "fields": {"album": 9, "playcount": 0, "blocked": false, "name": "Song Name 2-2-7", "slug": "Song Name 2-2-7_SLUGGIFIED, LET'S PRETEND"}}, {"pk": 89, "model": "djukebox.song", "fields": {"album": 9, "playcount": 1, "blocked": true, "name": "Song Name 2-2-8", "slug": "Song Name 2-2-8_SLUGGIFIED, LET'S PRETEND"}}, {"pk": 90, "model": "djukebox.song", "fields": {"album": 9, "playcount": 1, "blocked": false, "name": "Song Name 2-2-9", "slug": "Song Name 2-2-9_SLUGGIFIED, LET'S PRETEND"}}, {"pk": 91, "model": "djukebox.song", "fields": {"album": 10, "playcount": 41, "blocked": true, "name": "Song Name 3-0-0", "slug": "Song Name 3-0-0_SLUGGIFIED, LET'S PRETEND"}}, {"pk": 92, "model": "djukebox.song", "fields": {"album": 10, "playcount": 52, "blocked": true, "name": "Song Name 3-0-1", "slug": "Song Name 3-0-1_SLUGGIFIED, LET'S PRETEND"}}, {"pk": 93, "model": "djukebox.song", "fields": {"album": 10, "playcount": 114, "blocked": false, "name": "Song Name 3-0-2", "slug": "Song Name 3-0-2_SLUGGIFIED, LET'S PRETEND"}}, {"pk": 94, "model": "djukebox.song", "fields": {"album": 10, "playcount": 68, "blocked": false, "name": "Song Name 3-0-3", "slug": "Song Name 3-0-3_SLUGGIFIED, LET'S PRETEND"}}, {"pk": 95, "model": "djukebox.song", "fields": {"album": 10, "playcount": 55, "blocked": true, "name": "Song Name 3-0-4", "slug": "Song Name 3-0-4_SLUGGIFIED, LET'S PRETEND"}}, {"pk": 96, "model": "djukebox.song", "fields": {"album": 10, "playcount": 31, "blocked": true, "name": "Song Name 3-0-5", "slug": "Song Name 3-0-5_SLUGGIFIED, LET'S PRETEND"}}, {"pk": 97, "model": "djukebox.song", "fields": {"album": 10, "playcount": 106, "blocked": true, "name": "Song Name 3-0-6", "slug": "Song Name 3-0-6_SLUGGIFIED, LET'S PRETEND"}}, {"pk": 98, "model": "djukebox.song", "fields": {"album": 10, "playcount": 116, "blocked": false, "name": "Song Name 3-0-7", "slug": "Song Name 3-0-7_SLUGGIFIED, LET'S PRETEND"}}, {"pk": 99, "model": "djukebox.song", "fields": {"album": 10, "playcount": 49, "blocked": false, "name": "Song Name 3-0-8", "slug": "Song Name 3-0-8_SLUGGIFIED, LET'S PRETEND"}}, {"pk": 100, "model": "djukebox.song", "fields": {"album": 10, "playcount": 122, "blocked": false, "name": "Song Name 3-0-9", "slug": "Song Name 3-0-9_SLUGGIFIED, LET'S PRETEND"}}, {"pk": 101, "model": "djukebox.song", "fields": {"album": 11, "playcount": 78, "blocked": true, "name": "Song Name 3-1-0", "slug": "Song Name 3-1-0_SLUGGIFIED, LET'S PRETEND"}}, {"pk": 102, "model": "djukebox.song", "fields": {"album": 11, "playcount": 15, "blocked": true, "name": "Song Name 3-1-1", "slug": "Song Name 3-1-1_SLUGGIFIED, LET'S PRETEND"}}, {"pk": 103, "model": "djukebox.song", "fields": {"album": 11, "playcount": 12, "blocked": false, "name": "Song Name 3-1-2", "slug": "Song Name 3-1-2_SLUGGIFIED, LET'S PRETEND"}}, {"pk": 104, "model": "djukebox.song", "fields": {"album": 11, "playcount": 55, "blocked": false, "name": "Song Name 3-1-3", "slug": "Song Name 3-1-3_SLUGGIFIED, LET'S PRETEND"}}, {"pk": 105, "model": "djukebox.song", "fields": {"album": 11, "playcount": 64, "blocked": true, "name": "Song Name 3-1-4", "slug": "Song Name 3-1-4_SLUGGIFIED, LET'S PRETEND"}}, {"pk": 106, "model": "djukebox.song", "fields": {"album": 11, "playcount": 2, "blocked": true, "name": "Song Name 3-1-5", "slug": "Song Name 3-1-5_SLUGGIFIED, LET'S PRETEND"}}, {"pk": 107, "model": "djukebox.song", "fields": {"album": 11, "playcount": 16, "blocked": false, "name": "Song Name 3-1-6", "slug": "Song Name 3-1-6_SLUGGIFIED, LET'S PRETEND"}}, {"pk": 108, "model": "djukebox.song", "fields": {"album": 11, "playcount": 16, "blocked": false, "name": "Song Name 3-1-7", "slug": "Song Name 3-1-7_SLUGGIFIED, LET'S PRETEND"}}, {"pk": 109, "model": "djukebox.song", "fields": {"album": 11, "playcount": 16, "blocked": true, "name": "Song Name 3-1-8", "slug": "Song Name 3-1-8_SLUGGIFIED, LET'S PRETEND"}}, {"pk": 110, "model": "djukebox.song", "fields": {"album": 11, "playcount": 36, "blocked": false, "name": "Song Name 3-1-9", "slug": "Song Name 3-1-9_SLUGGIFIED, LET'S PRETEND"}}, {"pk": 111, "model": "djukebox.song", "fields": {"album": 12, "playcount": 210, "blocked": true, "name": "Song Name 3-2-0", "slug": "Song Name 3-2-0_SLUGGIFIED, LET'S PRETEND"}}, {"pk": 112, "model": "djukebox.song", "fields": {"album": 12, "playcount": 169, "blocked": false, "name": "Song Name 3-2-1", "slug": "Song Name 3-2-1_SLUGGIFIED, LET'S PRETEND"}}, {"pk": 113, "model": "djukebox.song", "fields": {"album": 12, "playcount": 208, "blocked": false, "name": "Song Name 3-2-2", "slug": "Song Name 3-2-2_SLUGGIFIED, LET'S PRETEND"}}, {"pk": 114, "model": "djukebox.song", "fields": {"album": 12, "playcount": 35, "blocked": false, "name": "Song Name 3-2-3", "slug": "Song Name 3-2-3_SLUGGIFIED, LET'S PRETEND"}}, {"pk": 115, "model": "djukebox.song", "fields": {"album": 12, "playcount": 231, "blocked": false, "name": "Song Name 3-2-4", "slug": "Song Name 3-2-4_SLUGGIFIED, LET'S PRETEND"}}, {"pk": 116, "model": "djukebox.song", "fields": {"album": 12, "playcount": 98, "blocked": true, "name": "Song Name 3-2-5", "slug": "Song Name 3-2-5_SLUGGIFIED, LET'S PRETEND"}}, {"pk": 117, "model": "djukebox.song", "fields": {"album": 12, "playcount": 7, "blocked": true, "name": "Song Name 3-2-6", "slug": "Song Name 3-2-6_SLUGGIFIED, LET'S PRETEND"}}, {"pk": 118, "model": "djukebox.song", "fields": {"album": 12, "playcount": 154, "blocked": false, "name": "Song Name 3-2-7", "slug": "Song Name 3-2-7_SLUGGIFIED, LET'S PRETEND"}}, {"pk": 119, "model": "djukebox.song", "fields": {"album": 12, "playcount": 239, "blocked": false, "name": "Song Name 3-2-8", "slug": "Song Name 3-2-8_SLUGGIFIED, LET'S PRETEND"}}, {"pk": 120, "model": "djukebox.song", "fields": {"album": 12, "playcount": 285, "blocked": true, "name": "Song Name 3-2-9", "slug": "Song Name 3-2-9_SLUGGIFIED, LET'S PRETEND"}}, {"pk": 121, "model": "djukebox.song", "fields": {"album": 13, "playcount": 1, "blocked": false, "name": "Song Name 4-0-0", "slug": "Song Name 4-0-0_SLUGGIFIED, LET'S PRETEND"}}, {"pk": 122, "model": "djukebox.song", "fields": {"album": 13, "playcount": 1, "blocked": true, "name": "Song Name 4-0-1", "slug": "Song Name 4-0-1_SLUGGIFIED, LET'S PRETEND"}}, {"pk": 123, "model": "djukebox.song", "fields": {"album": 13, "playcount": 1, "blocked": false, "name": "Song Name 4-0-2", "slug": "Song Name 4-0-2_SLUGGIFIED, LET'S PRETEND"}}, {"pk": 124, "model": "djukebox.song", "fields": {"album": 13, "playcount": 9, "blocked": false, "name": "Song Name 4-0-3", "slug": "Song Name 4-0-3_SLUGGIFIED, LET'S PRETEND"}}, {"pk": 125, "model": "djukebox.song", "fields": {"album": 13, "playcount": 4, "blocked": false, "name": "Song Name 4-0-4", "slug": "Song Name 4-0-4_SLUGGIFIED, LET'S PRETEND"}}, {"pk": 126, "model": "djukebox.song", "fields": {"album": 13, "playcount": 0, "blocked": true, "name": "Song Name 4-0-5", "slug": "Song Name 4-0-5_SLUGGIFIED, LET'S PRETEND"}}, {"pk": 127, "model": "djukebox.song", "fields": {"album": 13, "playcount": 1, "blocked": false, "name": "Song Name 4-0-6", "slug": "Song Name 4-0-6_SLUGGIFIED, LET'S PRETEND"}}, {"pk": 128, "model": "djukebox.song", "fields": {"album": 13, "playcount": 9, "blocked": true, "name": "Song Name 4-0-7", "slug": "Song Name 4-0-7_SLUGGIFIED, LET'S PRETEND"}}, {"pk": 129, "model": "djukebox.song", "fields": {"album": 13, "playcount": 5, "blocked": true, "name": "Song Name 4-0-8", "slug": "Song Name 4-0-8_SLUGGIFIED, LET'S PRETEND"}}, {"pk": 130, "model": "djukebox.song", "fields": {"album": 13, "playcount": 8, "blocked": false, "name": "Song Name 4-0-9", "slug": "Song Name 4-0-9_SLUGGIFIED, LET'S PRETEND"}}, {"pk": 131, "model": "djukebox.song", "fields": {"album": 14, "playcount": 85, "blocked": true, "name": "Song Name 4-1-0", "slug": "Song Name 4-1-0_SLUGGIFIED, LET'S PRETEND"}}, {"pk": 132, "model": "djukebox.song", "fields": {"album": 14, "playcount": 76, "blocked": false, "name": "Song Name 4-1-1", "slug": "Song Name 4-1-1_SLUGGIFIED, LET'S PRETEND"}}, {"pk": 133, "model": "djukebox.song", "fields": {"album": 14, "playcount": 17, "blocked": false, "name": "Song Name 4-1-2", "slug": "Song Name 4-1-2_SLUGGIFIED, LET'S PRETEND"}}, {"pk": 134, "model": "djukebox.song", "fields": {"album": 14, "playcount": 87, "blocked": true, "name": "Song Name 4-1-3", "slug": "Song Name 4-1-3_SLUGGIFIED, LET'S PRETEND"}}, {"pk": 135, "model": "djukebox.song", "fields": {"album": 14, "playcount": 70, "blocked": true, "name": "Song Name 4-1-4", "slug": "Song Name 4-1-4_SLUGGIFIED, LET'S PRETEND"}}, {"pk": 136, "model": "djukebox.song", "fields": {"album": 14, "playcount": 41, "blocked": false, "name": "Song Name 4-1-5", "slug": "Song Name 4-1-5_SLUGGIFIED, LET'S PRETEND"}}, {"pk": 137, "model": "djukebox.song", "fields": {"album": 14, "playcount": 31, "blocked": true, "name": "Song Name 4-1-6", "slug": "Song Name 4-1-6_SLUGGIFIED, LET'S PRETEND"}}, {"pk": 138, "model": "djukebox.song", "fields": {"album": 14, "playcount": 46, "blocked": false, "name": "Song Name 4-1-7", "slug": "Song Name 4-1-7_SLUGGIFIED, LET'S PRETEND"}}, {"pk": 139, "model": "djukebox.song", "fields": {"album": 14, "playcount": 26, "blocked": false, "name": "Song Name 4-1-8", "slug": "Song Name 4-1-8_SLUGGIFIED, LET'S PRETEND"}}, {"pk": 140, "model": "djukebox.song", "fields": {"album": 14, "playcount": 36, "blocked": true, "name": "Song Name 4-1-9", "slug": "Song Name 4-1-9_SLUGGIFIED, LET'S PRETEND"}}, {"pk": 141, "model": "djukebox.song", "fields": {"album": 15, "playcount": 20, "blocked": true, "name": "Song Name 4-2-0", "slug": "Song Name 4-2-0_SLUGGIFIED, LET'S PRETEND"}}, {"pk": 142, "model": "djukebox.song", "fields": {"album": 15, "playcount": 9, "blocked": true, "name": "Song Name 4-2-1", "slug": "Song Name 4-2-1_SLUGGIFIED, LET'S PRETEND"}}, {"pk": 143, "model": "djukebox.song", "fields": {"album": 15, "playcount": 16, "blocked": true, "name": "Song Name 4-2-2", "slug": "Song Name 4-2-2_SLUGGIFIED, LET'S PRETEND"}}, {"pk": 144, "model": "djukebox.song", "fields": {"album": 15, "playcount": 5, "blocked": true, "name": "Song Name 4-2-3", "slug": "Song Name 4-2-3_SLUGGIFIED, LET'S PRETEND"}}, {"pk": 145, "model": "djukebox.song", "fields": {"album": 15, "playcount": 13, "blocked": false, "name": "Song Name 4-2-4", "slug": "Song Name 4-2-4_SLUGGIFIED, LET'S PRETEND"}}, {"pk": 146, "model": "djukebox.song", "fields": {"album": 15, "playcount": 17, "blocked": false, "name": "Song Name 4-2-5", "slug": "Song Name 4-2-5_SLUGGIFIED, LET'S PRETEND"}}, {"pk": 147, "model": "djukebox.song", "fields": {"album": 15, "playcount": 25, "blocked": true, "name": "Song Name 4-2-6", "slug": "Song Name 4-2-6_SLUGGIFIED, LET'S PRETEND"}}, {"pk": 148, "model": "djukebox.song", "fields": {"album": 15, "playcount": 12, "blocked": true, "name": "Song Name 4-2-7", "slug": "Song Name 4-2-7_SLUGGIFIED, LET'S PRETEND"}}, {"pk": 149, "model": "djukebox.song", "fields": {"album": 15, "playcount": 1, "blocked": false, "name": "Song Name 4-2-8", "slug": "Song Name 4-2-8_SLUGGIFIED, LET'S PRETEND"}}, {"pk": 150, "model": "djukebox.song", "fields": {"album": 15, "playcount": 4, "blocked": false, "name": "Song Name 4-2-9", "slug": "Song Name 4-2-9_SLUGGIFIED, LET'S PRETEND"}}, {"pk": 19, "model": "auth.permission", "fields": {"codename": "add_logentry", "name": "Can add log entry", "content_type": 7}}, {"pk": 20, "model": "auth.permission", "fields": {"codename": "change_logentry", "name": "Can change log entry", "content_type": 7}}, {"pk": 21, "model": "auth.permission", "fields": {"codename": "delete_logentry", "name": "Can delete log entry", "content_type": 7}}, {"pk": 1, "model": "auth.permission", "fields": {"codename": "add_group", "name": "Can add group", "content_type": 2}}, {"pk": 4, "model": "auth.permission", "fields": {"codename": "change_group", "name": "Can change group", "content_type": 2}}, {"pk": 7, "model": "auth.permission", "fields": {"codename": "delete_group", "name": "Can delete group", "content_type": 2}}, {"pk": 2, "model": "auth.permission", "fields": {"codename": "add_permission", "name": "Can add permission", "content_type": 1}}, {"pk": 5, "model": "auth.permission", "fields": {"codename": "change_permission", "name": "Can change permission", "content_type": 1}}, {"pk": 8, "model": "auth.permission", "fields": {"codename": "delete_permission", "name": "Can delete permission", "content_type": 1}}, {"pk": 3, "model": "auth.permission", "fields": {"codename": "add_user", "name": "Can add user", "content_type": 3}}, {"pk": 6, "model": "auth.permission", "fields": {"codename": "change_user", "name": "Can change user", "content_type": 3}}, {"pk": 9, "model": "auth.permission", "fields": {"codename": "delete_user", "name": "Can delete user", "content_type": 3}}, {"pk": 10, "model": "auth.permission", "fields": {"codename": "add_contenttype", "name": "Can add content type", "content_type": 4}}, {"pk": 11, "model": "auth.permission", "fields": {"codename": "change_contenttype", "name": "Can change content type", "content_type": 4}}, {"pk": 12, "model": "auth.permission", "fields": {"codename": "delete_contenttype", "name": "Can delete content type", "content_type": 4}}, {"pk": 22, "model": "auth.permission", "fields": {"codename": "add_album", "name": "Can add album", "content_type": 9}}, {"pk": 26, "model": "auth.permission", "fields": {"codename": "change_album", "name": "Can change album", "content_type": 9}}, {"pk": 30, "model": "auth.permission", "fields": {"codename": "delete_album", "name": "Can delete album", "content_type": 9}}, {"pk": 23, "model": "auth.permission", "fields": {"codename": "add_artist", "name": "Can add artist", "content_type": 8}}, {"pk": 27, "model": "auth.permission", "fields": {"codename": "change_artist", "name": "Can change artist", "content_type": 8}}, {"pk": 31, "model": "auth.permission", "fields": {"codename": "delete_artist", "name": "Can delete artist", "content_type": 8}}, {"pk": 24, "model": "auth.permission", "fields": {"codename": "add_owner", "name": "Can add owner", "content_type": 11}}, {"pk": 28, "model": "auth.permission", "fields": {"codename": "change_owner", "name": "Can change owner", "content_type": 11}}, {"pk": 32, "model": "auth.permission", "fields": {"codename": "delete_owner", "name": "Can delete owner", "content_type": 11}}, {"pk": 25, "model": "auth.permission", "fields": {"codename": "add_song", "name": "Can add song", "content_type": 10}}, {"pk": 29, "model": "auth.permission", "fields": {"codename": "change_song", "name": "Can change song", "content_type": 10}}, {"pk": 33, "model": "auth.permission", "fields": {"codename": "delete_song", "name": "Can delete song", "content_type": 10}}, {"pk": 13, "model": "auth.permission", "fields": {"codename": "add_session", "name": "Can add session", "content_type": 5}}, {"pk": 14, "model": "auth.permission", "fields": {"codename": "change_session", "name": "Can change session", "content_type": 5}}, {"pk": 15, "model": "auth.permission", "fields": {"codename": "delete_session", "name": "Can delete session", "content_type": 5}}, {"pk": 16, "model": "auth.permission", "fields": {"codename": "add_site", "name": "Can add site", "content_type": 6}}, {"pk": 17, "model": "auth.permission", "fields": {"codename": "change_site", "name": "Can change site", "content_type": 6}}, {"pk": 18, "model": "auth.permission", "fields": {"codename": "delete_site", "name": "Can delete site", "content_type": 6}}, {"pk": 1, "model": "auth.user", "fields": {"username": "d", "first_name": "", "last_name": "", "is_active": true, "is_superuser": true, "is_staff": true, "last_login": "2012-11-17T02:08:43.813Z", "groups": [], "user_permissions": [], "password": "pbkdf2_sha256$10000$su4mRdGvhY98$FWDEPZfHaWCeE5JXF+UYb5cnCmyVujtp/HFu1NLgLCA=", "email": "d@d.com", "date_joined": "2012-11-17T01:34:03.193Z"}}, {"pk": 2, "model": "auth.user", "fields": {"username": "owner0", "first_name": "", "last_name": "", "is_active": true, "is_superuser": false, "is_staff": false, "last_login": "2012-11-17T01:34:04.221Z", "groups": [], "user_permissions": [], "password": "pbkdf2_sha256$10000$Zw3Bc6tav1pv$jx1oxhNRG4/49oMUvC22NaX9l/2Ob1bbXuf7XJitlKA=", "email": "email@alskdemailland.com", "date_joined": "2012-11-17T01:34:04.221Z"}}, {"pk": 3, "model": "auth.user", "fields": {"username": "owner1", "first_name": "", "last_name": "", "is_active": true, "is_superuser": false, "is_staff": false, "last_login": "2012-11-17T01:34:05.487Z", "groups": [], "user_permissions": [], "password": "pbkdf2_sha256$10000$Tr9Zmu96rqs6$FR0o60/mRrSKbfzCjqHjGTWrxPsWWYVpa1oTl2Nb+nA=", "email": "email@alskdemailland.com", "date_joined": "2012-11-17T01:34:05.487Z"}}, {"pk": 4, "model": "auth.user", "fields": {"username": "owner2", "first_name": "", "last_name": "", "is_active": true, "is_superuser": false, "is_staff": false, "last_login": "2012-11-17T01:34:06.077Z", "groups": [], "user_permissions": [], "password": "pbkdf2_sha256$10000$53zTij135EYv$uKckBMwCXMzjle+pKZHizC/L0SY1q81gJqcWpaqRf1Q=", "email": "email@alskdemailland.com", "date_joined": "2012-11-17T01:34:06.077Z"}}, {"pk": 5, "model": "auth.user", "fields": {"username": "owner3", "first_name": "", "last_name": "", "is_active": true, "is_superuser": false, "is_staff": false, "last_login": "2012-11-17T01:34:06.774Z", "groups": [], "user_permissions": [], "password": "pbkdf2_sha256$10000$MVXlzyozK5wl$+kGcPdDclFGLMVoWSIOFs7vkEonEXKakwzOUTsrHsiY=", "email": "email@alskdemailland.com", "date_joined": "2012-11-17T01:34:06.774Z"}}, {"pk": 6, "model": "auth.user", "fields": {"username": "owner4", "first_name": "", "last_name": "", "is_active": true, "is_superuser": false, "is_staff": false, "last_login": "2012-11-17T01:35:44.884Z", "groups": [], "user_permissions": [], "password": "pbkdf2_sha256$10000$w2oci4yV0Qik$8ptDOBwcC6uTQWTpyqQ1YZBSDOtpmQ3zuPywPtqssEA=", "email": "email@alskdemailland.com", "date_joined": "2012-11-17T01:34:07.794Z"}}, {"pk": 7, "model": "auth.user", "fields": {"username": "owner5", "first_name": "", "last_name": "", "is_active": true, "is_superuser": false, "is_staff": false, "last_login": "2012-11-17T01:34:08.325Z", "groups": [], "user_permissions": [], "password": "pbkdf2_sha256$10000$Ue2TyTtj0sW8$bCxD7KSDQte9YNW+gI35JNta0zS6vycrDbKmuOlmlnw=", "email": "email@alskdemailland.com", "date_joined": "2012-11-17T01:34:08.325Z"}}, {"pk": 8, "model": "auth.user", "fields": {"username": "owner6", "first_name": "", "last_name": "", "is_active": true, "is_superuser": false, "is_staff": false, "last_login": "2012-11-17T01:34:09.023Z", "groups": [], "user_permissions": [], "password": "pbkdf2_sha256$10000$25vlEzes1F3q$G/RdLuSQnkMpRn2Je7lezop6SCFKeBU/AZEb15n+uUE=", "email": "email@alskdemailland.com", "date_joined": "2012-11-17T01:34:09.023Z"}}, {"pk": 9, "model": "auth.user", "fields": {"username": "owner7", "first_name": "", "last_name": "", "is_active": true, "is_superuser": false, "is_staff": false, "last_login": "2012-11-17T01:34:10.048Z", "groups": [], "user_permissions": [], "password": "pbkdf2_sha256$10000$Jun0qbWI00PJ$6AG/fl8JG55ebyraSyRPM6rD9dW3FeoywCIJAjjyhz8=", "email": "email@alskdemailland.com", "date_joined": "2012-11-17T01:34:10.048Z"}}, {"pk": 10, "model": "auth.user", "fields": {"username": "owner8", "first_name": "", "last_name": "", "is_active": true, "is_superuser": false, "is_staff": false, "last_login": "2012-11-17T01:34:10.772Z", "groups": [], "user_permissions": [], "password": "pbkdf2_sha256$10000$nNfG9k2Vsoxg$9+oMb4lzp7808hqs2CYW0iaeLnxRsgdnxoWyd1Rsnz8=", "email": "email@alskdemailland.com", "date_joined": "2012-11-17T01:34:10.772Z"}}, {"pk": 11, "model": "auth.user", "fields": {"username": "owner9", "first_name": "", "last_name": "", "is_active": true, "is_superuser": false, "is_staff": false, "last_login": "2012-11-17T01:34:11.630Z", "groups": [], "user_permissions": [], "password": "pbkdf2_sha256$10000$JqbnWtjEs7IF$zp+hlfwy4JQ7VW9ThI7LZEtCwM3+DdxAJRcDKG0YNYY=", "email": "email@alskdemailland.com", "date_joined": "2012-11-17T01:34:11.630Z"}}]